PC1,PC2,objetivo
0.6506146236199711,1.28225105843521,0
-0.28223159800816805,0.2844293936307721,0
0.5702197907620545,0.17576829083749868,0
0.5743576923918113,0.5129782023650388,0
0.8226555363809493,-1.1856088964135916,0
-1.273319417991898,0.8749160198736355,0
0.027939168400962056,2.1288699884307913,0
0.7406899177883519,-0.2659225040463494,0
0.4797173231237432,1.0281241628493516,0
-0.7286865883208326,0.2742015434154432,0
-0.03128645037082543,-1.2538230373105823,1
1.1095219586855547,-0.12853136591803982,0
0.03178521184399358,2.3403339698261303,0
-0.15767882686537005,-2.153844515181628,0
-0.6205650363365586,1.6162232972902446,0
1.7064534487834389,0.19293822520429574,0
-2.0382735124530726,-0.08367126199056016,0
2.1547402089511545,0.0037814866973348007,0
-1.6604556434780937,-0.3161809822067531,0
0.20564796718523767,0.1702658030250775,0
0.5514983192971181,1.0692751997919883,0
1.6476118350883144,-0.3262113344974963,0
-0.7824450455937478,1.4463928232964938,0
1.2375715349465763,1.2123919229068725,0
-1.389440270305788,-0.6116135420174795,0
-0.6800304138385016,0.8736652648116147,0
-0.46285672294024366,0.20590412517694834,0
-0.4963696175086164,-0.43531347067134785,1
1.8792232549425045,0.5829305394189371,0
0.046122236430460574,-1.447633019548501,1
-1.9542029408191408,-0.17147564522443634,0
-0.20123168467758804,-1.804710353148396,0
0.9845301632145145,0.14182297121532572,0
-1.0157333102689758,1.3562435518717695,0
0.21517160577963285,-1.5720850016290535,1
0.6047843478659066,1.4179977116430507,0
-2.0908028228063404,-0.026430743063520643,0
-0.6035538404313514,0.2234812742877151,0
-0.943923702293986,-0.5235996716502966,1
0.6658687866228629,0.05122160669548429,0
-1.0308462920357224,-0.4835836571266382,1
1.7635628539615107,0.12785988398937193,0
1.7802732283127831,0.48562624471767557,0
-0.7307746581241416,-0.5293581916819368,1
0.1628053530274926,2.0475036101251995,0
0.9170258780409325,-0.5012058144788358,0
-0.9176949739236476,-0.6541616017189308,1
-0.903133179562798,-0.4481306813830803,1
0.039620252610555906,-0.845580334371641,0
0.9428778237088767,1.211426164806101,0
0.8920634958030114,0.34662779695987417,0
1.3842967619897268,0.797603370949688,0
1.4178408383048922,-0.432145329546587,0
-0.1867048375735335,-2.0504790914547693,0
-0.07827092789091428,2.0987229458775722,0
-0.7864012588384643,0.049406234925818165,0
0.6674917160046621,0.6302400253743311,0
-0.6262205674257753,-0.2113228675973303,0
0.6568501717408827,0.7331854713038827,0
0.45517362360566077,1.1895557402886636,0
-0.15893943974875918,-0.5117685189896019,0
0.08945377760357338,1.3368196425212748,0
-0.2822182755600009,0.41175543688894567,0
-0.8379692836735111,-0.5320968003364618,1
-0.44794945044159945,-1.7321841167771277,0
0.05209164205702668,-1.9290280041741912,0
1.6927541132700303,0.3456921201367664,0
-0.15826022257623554,2.1572450682426454,0
1.3329959181592195,0.33202087982807,0
-0.1445833579841204,1.9358509569796647,0
-0.1157603025310167,0.8279159596266598,0
0.5148534851422484,0.03143156708654111,0
-0.4125359567003822,1.1593374605209366,0
-0.057383905337457755,-0.1298792746973025,0
1.3285079943954707,-0.19639231936214166,0
0.7792689629894606,-0.38042362326284607,0
0.8073825051586234,0.07231499829384397,0
0.2089927837578011,0.03866544326532923,0
-0.3690106051019456,0.5615577184660577,0
1.9385947523862466,-0.0694921142770816,0
-0.8880057645232036,0.4510170162466114,0
0.4121864961473041,0.07198300027335576,0
0.35606582094537703,-2.0321259427619305,1
-1.3764003706740717,0.2863744771447154,0
-1.9957565453234356,-0.0647306176922132,0
1.6765120775336264,0.2848856113948587,0
0.17162605686136306,-0.12394625502864154,0
0.5551970750148387,0.5846624150801879,0
-0.3722222259092987,-1.2487567797501427,1
-1.134680280062425,0.4664574991714592,1
-0.29898060847293767,2.0585320169972214,0
0.42110696191881986,1.5191341676135177,0
-0.4213256960521668,1.014756836568942,0
-0.6805147673344044,0.5420974367476667,0
0.07628545497892308,1.7844057594134854,0
-0.9062037552376737,-0.9333670615766312,0
-0.046549096144857964,2.13870708675839,0
-0.9076374921020617,-1.1024700046728093,0
0.39287146906836273,1.7245068215963695,0
0.6370947346580327,1.071273468249447,0
1.2026575204712815,1.0979341026108442,0
0.7120854372098858,0.6688753958397148,0
-0.14396998921099877,0.38510025065451814,0
-0.1843522243270888,-0.12369801383339611,0
0.9244379505507175,-0.9851419942526779,0
0.09934213676198796,1.5476448983618252,0
-0.2760133891981594,0.5102894009114461,0
0.9753333623617406,0.35974588607898406,0
0.8696984454409499,-0.7417131267271115,0
-0.3038698539312765,-0.158418570108803,0
1.1557575186336202,-0.13340415103251468,0
-0.6644417206376405,0.1845896009034524,0
1.8103834420331417,-0.2534857117961303,0
0.18497255337272353,0.18840821436597865,0
-0.5441451648944003,-1.3417813373905263,0
0.21970601735421774,1.6949506557420788,1
-1.261735316125909,0.826138804629512,0
1.1954198388262112,-0.8020242187243812,0
-1.5619483342615388,-0.5812392279593428,0
-0.9590822794543652,-0.7066795975095898,0
0.7913701050374703,-1.3181351198939633,0
-0.8365749264156416,1.1360733124190954,0
0.8332598951329245,-0.468201497463135,0
1.260649804171936,0.222244173356767,0
1.2391348456006583,-0.7737028357597785,0
1.6694630577376004,0.5110887213330926,0
-0.49242015280109064,0.3004232601672268,0
-0.6365811059781206,0.5147722155093469,0
0.6194318834262538,0.7619445283456199,0
0.1854551922205028,-2.188305736307687,0
-0.47483641250452846,-1.5546619898360712,0
-0.23906873875501555,0.7169888831150375,0
0.5620440446754675,-1.7212229712913214,1
0.6073626666278937,0.9912792432358861,0
0.6497794518840387,-0.8415447185990503,0
-0.6452873546493715,-0.22745687902075065,0
1.1923422151515102,0.9242621250620369,0
-1.091070551648956,0.38322756825738075,1
-1.5244972127047172,-0.6193815935450592,0
-1.9527732365621766,0.35257828354336546,0
-0.04773590081410617,1.7210046756432436,0
1.9972953723231055,0.23051073690123045,0
-0.11918778003950407,-1.5396978871103386,1
-0.1428855703382755,1.0308480729387366,0
-0.008257797614620461,-1.6276473788186892,1
0.9463287468148688,-1.214863958149839,0
1.2139496488016608,-0.010538510528081194,0
-0.35529500507141204,-0.4856839517577699,0
0.9868172365638538,1.0942246721087776,0
-0.9003232986293745,-1.5823861832651571,0
-1.07119741093395,0.20797623848290378,1
-0.07281382594161519,-0.2039758186649088,0
-0.5340378493623164,-0.9296755264059118,1
1.046017599542423,0.7730086172029424,0
1.1702108626277985,-0.9542666465844705,0
1.8137859477490825,0.12741877034379273,0
-0.018873610964460056,0.9650041943410131,0
0.3529113914765067,-1.3438732379651661,1
0.7662853633680984,-1.220391923129495,0
1.749919565308488,0.3372709582125865,0
0.0050618953979645895,1.0841890731616222,0
0.42338697501540196,-0.5811816411946391,0
-1.8475992143007995,0.0050079427499831975,0
-1.4198131657514683,0.2424451088772956,0
-0.42733915708985554,0.6198131128121266,0
0.10818295357540558,1.5280322325842308,0
-0.8349431955795793,0.48345888457472325,0
0.04634672752335475,0.5434544184568347,0
0.5684307762377465,-0.12625747074848506,0
-0.07906121968158038,-2.348105639053176,0
-0.6161660547249898,-1.743829214276536,0
1.409718502409396,0.17301172032489462,0
0.747274449830007,0.9802982121538358,0
-1.0731636460565508,1.1925443536642268,0
0.23923524059216428,1.1249780697384997,0
0.15820658463374557,-0.0526798845511429,0
0.7841473243827275,-0.8556464512969642,0
1.1549268744207517,0.7532653897985628,0
-0.07487942429587756,0.9890619131022307,0
0.1951372377127871,1.4338030866730802,0
0.20849169915992205,0.20995907018421037,0
-1.8946810836165986,0.3842460727247076,0
0.671926044440182,1.5041874567535671,0
-0.3232253082699468,1.1096174927275289,0
-0.11260233642548667,0.6974712547714201,0
-1.274736309347079,0.5706782829546484,0
-0.7498533726217149,1.1042184910624289,1
1.0913381977758485,-1.3694040730915036,0
-0.4402730643336017,0.7848591275560023,0
0.48916453687598616,-1.1504986643606563,0
-1.8099079661944972,-0.3128941742335216,0
1.2199117643608308,-0.2679704506451834,0
-0.9972407583919937,-1.4929003323139087,0
-0.9836540155822133,0.3836259571879868,1
0.7180700585832785,1.306626158224331,0
2.412063683512303,-0.006630059869591855,0
-2.151706539273139,-0.27962387585730897,0
0.22987180086036177,-0.5388135776924345,0
-1.4001309391125185,0.10557553799972419,0
1.8037462353685687,-0.3517613671062306,0
-0.28165958305261307,0.5079339551805185,0
-0.28429476073256477,-0.470930288397469,0
0.2332594983933348,1.964720851627586,0
0.8953304062587248,1.1124538386807166,0
-1.7983797935267305,-0.47361947711577157,0
1.3314514299123803,0.04157641691137422,0
-0.26367881990704756,-2.206363372029801,0
1.62403839063319,0.14784618622210402,0
-0.9701449704231755,-0.11985939767871842,1
-0.4190222737277637,-0.3796893087919557,0
0.1585422216979372,0.9458060729122815,0
-0.3779455948738005,-1.6055966867343094,0
-0.9999610863886386,-1.0583439921477558,0
-0.8200042982670561,0.978248841638876,1
0.2254101030384707,-0.1352087820496185,0
0.2764209775089349,1.2090021998686908,0
0.10340166158124714,-0.47439682096810765,0
0.13823315358063096,1.5404285263125919,0
0.34059865108469356,-1.5323528777493514,1
0.5836447439723519,1.2967363960024376,0
0.5776727291330844,-0.4282014336206936,0
0.7644340518101282,-1.2318772786148844,0
0.5414581584829544,1.040152953142416,0
-0.20247360907713235,-1.009629575432959,1
-0.4289342139945643,-0.0001317749006311103,0
-0.4676808341020864,1.641188573601853,0
0.08859333621973826,-1.2202009236317313,1
-0.3879857796726137,0.9349961952168455,0
-1.4526031971255318,-0.37279303443083306,0
-0.05550623123395252,-1.5598512189761813,1
1.5279059519628257,-0.8165341728708341,0
-0.4084218795095692,0.3496834613930641,0
1.3855477713242912,0.6992246641876823,0
-0.8642488867129463,-0.8200641334170876,0
-0.7846715368408068,-1.177295904327888,0
1.2862724851654752,-1.0051454671937023,0
-0.14403669529500768,0.08301060347962347,0
0.40017587149100653,1.5220916751402136,0
-0.677666142104075,-0.733259815543803,1
0.15686517910448644,1.6262599292740505,0
1.2838123553608032,-1.108899127250247,0
1.9521484973422145,-0.03561500517501274,0
-0.24014234429512066,1.2208100457157658,0
-0.0016126720589648557,-0.32727833767846365,0
-2.185360319536439,-0.29330729733938565,0
0.11520186583381613,1.9015446602810324,0
1.5825725003967335,0.5808443280658225,0
-1.151704610172196,-1.0068056635939298,0
0.18348425767427223,-1.4640923541256772,1
1.324747254583037,-0.7464713375929808,0
-0.3856919903250988,-1.5385343474972182,0
1.1970869926247452,0.46203309625930983,0
1.8908249935630626,-0.11391334331852873,0
1.7645048998419532,-0.014178460201057608,0
-0.8884532655391353,-0.33386643724102383,1
0.6303488352301426,-0.03258262165516945,0
0.15855801783259246,0.8418477219097451,0
-0.44311098307148994,-0.2639986442941209,0
2.082462167527473,0.17100700636616442,0
-1.4816561144567406,0.08259300454700742,0
0.648445168935066,-1.5495538059655352,0
-1.3892656196602469,-0.6821905487429651,0
0.6705258891282209,-0.20593428497849453,0
0.41302201054837534,-1.6792605820661413,1
0.8221563234875858,0.15019575745731137,0
0.18276812353559296,0.6816246556958695,0
1.5003521782396525,0.8450824353383025,0
-1.221922895440961,0.44821626307344925,1
0.7076135864988328,-0.6376196371334927,0
1.244312586891818,-0.20106633365169718,0
-1.8792645254929405,0.27629457814916375,0
0.173661395106707,-2.1767694619418254,0
2.232157083159038,0.2156776449108416,0
-0.8714439656656842,-0.27550182196238654,1
1.1126806251966397,-1.1127622100285357,0
2.1391707093949806,-0.2257751695277626,0
-1.162002846931797,-0.6631395092648739,0
-0.25577683045562505,-1.0551044133196434,1
1.9822934601116533,0.24893970877933597,0
1.6889482179407997,-0.7399323082972079,0
0.17810637419845107,0.2330602217896635,0
-0.020784604926911348,0.009620620300478581,0
0.48207226748493076,0.6998250821890147,0
0.61211057253537,0.2211710517426185,0
0.6904257311047097,1.6708394664416586,0
1.3742539715712778,0.03258375102353606,0
0.12747529843822122,-1.966145720766968,0
1.3999418158490937,0.15133851673766954,0
-0.3788809306556436,-1.6089736654008542,0
0.9942003194099076,0.8616002602413775,0
-0.22443260492835465,0.24682562911616873,0
0.21121673762439772,-0.42165830868248577,0
0.9770443832373887,0.0008683428908219477,0
-1.1961514336731605,0.8815544714041377,0
-2.119026786653309,-0.30377625457375135,0
-1.7485505956477994,0.3219836325307816,0
-0.06371601958352571,0.9838902905113046,0
-0.43499534840268195,1.981234812847503,0
0.44471787172986027,-0.5395301815886645,0
-1.127083082267619,-1.3416916118283728,0
1.3942259364189071,-1.0684410456339324,0
-0.14162894265421366,-1.1503995101298472,1
-0.5999533311495362,0.7616391971277431,0
0.8466372044612791,0.5964895126415958,0
-0.5415492858818095,-1.838897352225465,0
-1.102103894024059,1.214434128126583,0
0.06097685991514323,-2.3944961611302884,0
2.0877567636830805,0.12200762962643527,0
0.3661454509319626,1.789014911308899,0
-1.7405838083477645,-0.21374270217411226,0
1.1600165150014854,0.25395160820348384,0
0.6972086656968632,0.14262072586504182,0
1.4727478686388995,0.8920251564288324,0
0.8295153707635278,0.2012707957148289,0
-1.6386829378254424,-0.4367345574887614,0
-0.996620078147036,-0.5357609474073662,1
-0.7530355489876644,-0.8364788329137225,1
0.5015338085981191,-1.9034814189276554,1
2.0526520493475893,-0.35802919358751045,0
-0.5224282985055544,-1.9063940323844868,0
0.7137367517706562,-0.24854084853530217,0
0.7631966007038115,-1.6247383290774275,0
0.6958966037156273,0.0994790197497064,0
1.3291772175337213,-0.9611364211592149,0
-0.8604817909328815,0.8744443994024511,0
0.4681097885749076,-0.9515489041495306,0
0.8330651346525396,-0.7318625294489878,0
0.7947392808099774,1.2316999529220296,0
-1.026103769484507,1.0462211462954418,0
1.2505152044850594,0.37367701520694807,0
0.3739510566774064,-0.05629201910383672,0
2.0370447727648244,0.12220600189051359,0
-0.34591272220980784,0.24289803228962073,0
-0.42469350798647887,1.547247302015501,0
-0.19428770950196153,-0.4355838557379334,0
0.23512963068717213,1.6187155378043392,0
-1.2784346393295165,0.3273302357792641,0
-0.5582994289633612,0.13280613571261907,0
2.1626169423435044,0.13079035541198084,0
2.2643813416855796,-0.04099366889384594,0
-1.054477293259889,-0.9774641389166786,0
0.11525222124871726,0.0642635302204153,0
-1.587699055407564,-0.4677667605066166,0
-0.10745505845400503,0.8444525677131323,0
-0.28763820675058854,1.4541264165562007,0
0.6305435139309324,-1.3411472609964832,0
-0.47813718948643025,-1.8783488635769707,0
-1.3021242698575248,0.089016275214548,1
0.1937907136178349,-1.4584157809198306,1
0.011619873170833944,0.5503038758805807,0
-0.13573187364749748,0.5357496146011391,0
-1.23878649251325,-0.09327404691420003,1
-1.058610288967744,0.24051831335810242,1
0.4784262580055782,-1.0726982087112147,0
-2.1579608900218368,0.2515362756804639,0
0.8759098663765865,-0.8848773806383652,0
0.16026317286560215,-1.449849239105191,1
0.40412248436757503,0.1747741592367632,0
-0.5236179884744193,-0.024630361711532732,0
0.5124071011494905,1.1867198531290837,0
1.3805218032021456,0.03998453850628139,0
-0.5802742611732388,0.7501992394053569,0
-1.070162565489317,-0.2545169491982526,1
-1.8031976324914036,0.254763518625029,0
-0.2324702660702336,1.3859537671121158,0
-0.5086153076182001,0.266192009518526,0
1.4724559572955187,-0.8627487832574269,0
-1.4767182387305402,-0.481107023686777,0
-0.7770771406020118,1.5439826659279032,0
0.8782642976325219,1.575264353695687,0
1.9860801246903896,0.1897867959201771,0
1.1321648443989094,-0.6349752933593726,0
-0.18253763099884435,-0.8463190990333054,1
-0.7248147235251817,0.734400672252833,0
0.055250377734418946,0.8372265905609525,0
-0.5790593530455705,-1.6294209183243786,0
-0.46761420272939735,0.3936223150761383,0
-0.7126986034912627,-1.065659832559625,0
-0.8605029460407072,1.4585033077835672,0
0.2714394070815515,0.7045088831778719,0
0.855594046003282,1.4347143315981021,0
-1.5317165724906412,0.7914424546475091,0
0.48793322230929886,1.5849204015884955,0
-0.6629565210189217,-1.7461967043309394,0
-1.5815726880415064,-0.8363714160738097,0
-0.3875295804764933,0.21230757280370777,0
0.0447159599388369,0.8182152970382844,0
0.9032947235335806,-0.12049677753414871,0
1.2404224828607935,-1.0024003252404086,0
-0.13885565364480904,-0.17258972922472043,0
-0.24613827526437293,0.7438077863340866,0
-1.9639934746649086,-0.5018865617118263,0
0.4845809704948822,-0.8829173570129617,0
-1.450983078331939,0.9502612798855646,0
-0.026382196447853293,-1.3768769163378294,1
0.24831345934806345,1.3407269611353085,0
-1.0104781436097188,0.341796102268831,1
-1.2366953801690825,-0.871299568605975,0
-0.760054645714781,-1.0714581913498638,0
0.6614102864353052,1.5670565762914597,1
-0.06092613925202847,0.6972059461790122,0
-0.3862073313737456,0.852864210438217,0
-0.38936766604681283,-0.5833048308334392,1
-0.11729578238680598,-0.03696192063077345,0
2.034501928448545,-0.015841452428221853,0
0.8178739163198425,-1.0059693503751772,0
-0.6118873114799194,1.5204006685878488,0
1.6024905913793195,0.16772501537625117,0
0.35027852494483086,-1.6381972106852916,1
1.3741749509196295,-0.8839777871440571,0
1.9114676695292987,0.02937041712093012,0
1.6889140333045902,-0.5120812020489235,0
0.8526567670850635,0.3578306409308469,0
-1.4939764227804546,-0.7910592455620452,0
-0.29167592706667284,1.5396995587820195,0
-0.5783791303706776,1.0920147562459452,0
-0.6475410745394231,0.8236458697410628,0
-0.682098346363711,-0.057087205539469076,0
1.0341365343547149,-0.06067376842594437,0
1.1399843878293883,-0.6438158260762961,0
-0.43712922892847056,-1.173978621544326,1
0.5269795143111939,-0.681540985035312,0
-0.18014792529692839,1.9803277789984834,0
0.22853952641059555,-0.04773110055926465,0
-0.6220096372542148,-1.3186582947171772,0
-1.4185438417281,-0.31914115475550997,0
1.6681157708580834,-0.6266315265438605,0
0.04215723993336526,-1.5870987839603417,1
-1.2312222747566557,1.1440633403787075,0
-0.28123798851989523,2.0317394717496056,0
-0.07496023493659007,-0.6472278767450726,0
0.2717173398192918,2.1807139220437803,0
-0.9454016365501502,0.811428322546867,1
-0.28403297984760983,-0.5365948545472078,0
-1.7934679306092896,-0.21682105632998183,0
-1.0518905290624896,-0.15273010242086815,1
1.9217448055829944,-0.22774583825214798,0
-0.7156065102766638,-0.38455249219892723,1
-0.3397978296324813,1.0176896682178818,0
1.8661785677373468,-0.4660117170576589,0
-1.7104487700869977,-0.14802877857940105,0
-0.27279723993551724,0.6036276434766288,0
-0.07170909896552968,1.6880433566123298,0
-0.7966522811226779,1.5830142432989067,0
-2.1660281925498195,0.07212410303063808,0
-1.918829069070126,0.2513616487739549,0
-0.6742115865557757,0.38484986409981414,0
-1.6135562275375006,0.5712749305164693,0
0.7284997089728344,-0.8324620442562898,0
2.0372798948049886,-0.007205068161769077,0
1.6203777147332186,-0.15649958396068428,0
-0.599061204786911,0.41178205795927353,0
1.0941239206805098,-0.5936474742488196,0
-1.186242648252899,-0.6054813458322024,0
-2.1950207382699793,-0.10056354819602265,0
-0.7218816076880608,1.6870652978103906,0
0.7485687206480608,-1.2089461641069195,0
-0.7478530113359187,0.3201473827614523,0
1.6381873857740314,-0.40466141321915,0
-0.21107134003187494,-0.468003737274083,0
1.1227105316903834,-1.2396297461458559,0
0.9226356696719853,0.4801453263803928,0
-0.053659356187541855,1.91984252514747,0
-1.322903760930555,0.14147251106840106,0
-1.0845800102747423,0.0371206153890315,1
0.3966895436922056,1.7413019846103,0
-1.1247163234310027,0.06600584232243972,1
-1.4837837997570418,0.5074027361213067,0
-0.39802020469539495,0.2031149576977465,0
-2.1530133315706195,-0.09482223908613155,0
-0.7023929254780137,0.7949897174399568,0
1.7623434993872424,0.20875363309092315,0
1.4721484269692606,-0.9453061981519356,0
-0.9649633148127716,1.2364810754730695,0
1.1812481867025972,0.9224958040770433,0
0.669333409757753,-0.08888567984044582,0
1.5088538329177479,0.7803646201319457,0
0.06642515650068694,0.75533282342024,0
0.17970863856348976,-0.3975649351359838,0
1.5323139634030734,-0.891662167427775,0
-0.05787626064064811,0.08173025072259292,0
0.8836898340601992,0.46468442022761797,0
-1.0530304645920605,0.3566972699529645,1
0.7173585627172441,-1.7260567355248144,1
0.21607644129303238,0.7711287335057944,0
0.7205449509186364,-0.8691180944188713,0
0.19568040385093352,-1.1924165688900024,1
-0.039805618912981074,-2.1175392379337103,0
0.7723496937047905,0.45590416480321994,0
0.946279030745085,-0.25887523951662905,0
1.1513593285610164,0.3077638150438019,0
1.0704291862270139,0.3812607291608264,0
-1.0439618862658941,0.04132222651602852,1
0.8500934539439627,-1.3701734929056522,0
0.20814080630757906,0.6941951542461232,0
-0.8438796587442013,0.6506537428132834,0
1.1371018419402694,1.0400986765747215,0
-0.8936306581364394,-0.3180601454807128,1
0.7850958376443482,-0.5579902397687275,0
0.6979619649814409,-0.5980208829558916,0
-1.4079071624399844,-0.38300867497608093,0
0.9230873370431805,-0.3869788954163363,0
-0.9020350055020324,-0.3506141425424965,1
1.0988818786605121,-0.7453038546809039,0
0.5981295088948763,-0.893007280786137,0
-0.21838404630865466,-0.08741028532737348,0
-0.6590238265189148,-1.079297910563117,0
-0.7834663324645078,-1.5096782126517487,0
2.357730352937558,-0.03628651687979957,0
1.86069021412166,0.15052584189998194,0
0.5774238187636657,-1.8210390455627337,1
-1.0672275543593872,-1.404471619853319,0
-0.25135065626589537,0.7932579087110752,0
0.4943057656642408,-1.877176483607184,1
-1.6727722635809912,0.7297804313840122,0
0.6140888980374691,1.8359788947413935,0
0.18224072521564497,1.1884940022852897,0
-2.143991100658385,-0.30064089729162635,0
-1.0687710061396385,-1.2623211711805336,0
1.42194583437568,0.5645271420476788,0
0.7984701749447818,1.5889611523941352,0
0.22551301268808663,1.6928994817670426,1
-0.9284095157441657,-0.42588050387222753,1
0.14629580740295772,-1.503007834387403,1
-0.4041200824938261,-0.21342645366689525,0
-0.20528162073838283,0.5093891319104177,0
-1.3886101059646256,0.5526332620696697,0
1.704989836722566,-0.2880444524516836,0
-2.1023635705808563,-0.18120074109549741,0
0.3880947255138279,1.6721772978334615,1
1.715093782375716,0.160456367652845,0
0.09163252327475413,0.7848187835283276,0
-1.6826690511980331,0.5108409175731371,0
1.5546047175165778,-0.12641586717070719,0
-1.0129632431360442,-0.28663146259744876,1
-1.1829859126210993,1.0743920922012755,0
0.8374802917351114,-0.1744888587332677,0
-0.1612288149312634,0.2032279865406231,0
-0.21114486346579125,1.6316209344597068,0
-1.7617633235129877,-0.11385581855341612,0
-0.7210727619394939,1.4286967806862714,0
0.5206596760962969,1.8708549390175182,0
-0.5927943272832462,-0.4869271207092791,1
-0.9257434190597494,1.0520578738137534,0
0.02207757751128671,-2.1900901148080454,0
0.5536548612907386,-1.4028808796186798,0
-0.9205052238948377,1.3717926546727546,0
1.1641967241885645,0.06137691496256574,0
0.14605118782719265,1.0140234207105059,0
-0.31420472359138224,1.0377224918184318,0
-1.923449720233632,-0.02470629235222422,0
1.2868939949842972,-0.5920839242364777,0
0.06136075539102638,-1.9986741979305014,0
0.05161132254667204,-2.156059965530914,0
-1.9339760072531802,-0.03125599417742572,0
0.9229963855508995,-0.9223713333074995,0
0.724003710115359,-0.41969633895702574,0
0.2866698354859618,-2.130421248469186,0
-0.565291865119328,-0.5708658124272069,1
-0.19533159263228836,2.1421321916410494,0
0.3706128807080033,-0.08614097548544113,0
-0.6334289215710948,-1.7433864354166053,0
-0.7143353562676519,0.5856112499182571,0
-1.904861753531957,0.013422112767787372,0
-0.3736836391653639,-0.4069623027086765,0
-0.24111251787190308,-0.20519855611527504,0
1.6139616107359398,0.6420340507506104,0
-1.2718456474695505,0.86289747855799,0
-1.6255627188128055,0.18752189067492345,0
0.8396397560184136,1.0521093927543783,0
0.371556314492022,-1.72908386743452,1
-0.616024144914192,-0.537212253603119,1
0.3281424030427902,2.0914376662016503,0
0.8261196268690647,1.050141761383387,0
-1.5660768641403247,0.4104986287675331,0
-0.3899603525119747,1.2465819892120846,0
-0.19003736088246223,-0.9133538000822254,1
-1.313881917221979,0.6518165585602494,0
0.42821522616676655,-0.3115265183466283,0
-2.030470055315293,0.3196182856265508,0
-0.19686830427732563,0.7116425300131989,0
0.042253438856634254,-1.273702693502499,1
0.5400114040808626,-1.6299386703444136,1
-0.792173203504892,1.1685777306106933,0
-0.3607533050251026,1.7625521489624731,0
-0.17086832840202354,-2.2969172926069925,0
-1.9995053863221675,-0.2872429127358283,0
-0.7233195102674204,-0.1520633796714839,1
-1.302858966835259,-0.47412002499461364,0
0.9494993749963048,-0.4036093111945542,0
-1.2311026683183193,-0.5747099831774695,0
-1.2418464228197064,0.9237347691836296,0
0.3609806814628512,-1.3407990552053117,1
-1.7392439531181747,0.5434266924255647,0
0.9130028929221419,0.16302281475842278,0
-0.5823101658389921,-0.7276741209620282,1
0.16612069650302955,-1.3051405082922374,1
0.8032883958431851,0.42841514433497213,0
0.956441353248641,1.4560294607992135,0
0.07017226870451362,-0.15968206837255036,0
-1.3611848225795873,-0.7249403303978142,0
0.24934541695038095,1.9779736398929464,0
1.644389090348792,0.17868298156118,0
-1.7016087978525012,-0.2065275654727728,0
1.0582863218544556,-0.04572451143198734,0
2.052694464336911,-0.2569241179833266,0
1.2320349990903343,0.639435275837099,0
0.835335431252502,-0.285636741547094,0
1.5178679280804093,-0.3403863559836817,0
-1.447133110841969,0.09090345933547911,0
0.20760292317664472,-0.594630976738508,0
0.08158993309548547,2.127938429362887,0
1.1020393813095206,-1.1986241169456289,0
-0.4541053916186181,-1.5670816324928127,0
-0.39030750143967363,-0.9378865121242425,1
-0.8977166165784921,1.0949258906448316,0
1.4347144452597402,-0.06099966123120686,0
-0.9704822582580374,1.296992959433602,0
-1.161622807009587,-0.38746388881865906,0
0.7315709381708453,0.29423585162930543,0
0.903539702981431,-1.403671378350593,0
0.392847180244848,1.7435244208619718,0
-0.35389286792252306,-1.1381275378014026,1
-1.5679688441097666,0.5201448507315393,0
-1.4415149463905865,-0.5185353880252351,0
-0.010460209532673279,0.19671659030375147,0
-0.6451279261557262,0.8050575889758331,0
-1.3406416750807308,0.5356883122150884,0
0.3170033855243126,0.9498366291192046,0
-0.10953081063045884,-1.4771155170078882,1
-0.08099541160903877,1.3714225954881034,0
-0.9469420841719844,1.1248748418217835,0
0.005726416446791876,-0.45388982593003013,0
-1.8065624156224982,-0.3262493938141702,0
0.3122272033405979,2.1188094651301004,0
-0.4388494959787017,-1.4169874553675446,0
0.18551511447909277,0.41349649776282094,0
0.07727118935092385,0.9473844439857779,0
1.139463198112772,-0.8647269743659819,0
0.9644121876464866,-0.17609370904130367,0
0.9195624163624397,0.20217611746989625,0
-0.032419335819293266,-1.2328340298117182,1
1.2447195022761668,0.6486045668835433,0
-0.62153459294162,0.04605424726482645,0
-0.5820252243297741,-0.13433932968112805,0
0.29438307657285645,-0.02231482480711506,0
0.8428589774663042,-0.7152129552742261,0
1.0612052624173185,0.23801933000840522,0
0.3190554664599287,0.3253060387962477,0
-0.3520491538193296,-1.6097384712330993,0
-1.702497855120136,0.017768927170817815,0
-0.10781828066624893,-1.6627368693905935,0
-0.9851416163066893,1.1282626499255457,0
-0.13908578492726495,2.0174781855303934,0
0.9160308604567369,-0.03285799707510563,0
-1.5670995867077724,-0.14209467290804403,0
0.5739110864175352,-0.4614210130074765,0
-1.2517880379667483,-0.8538017258853086,0
0.2509534269815556,-1.0353444430241354,0
-0.13589379552281514,-1.4324207190592972,1
-1.339523314590947,0.600856281709306,0
1.2167827111025058,-0.8101542422625424,0
-1.851172576725517,0.37356142849887386,0
0.49807914721506574,-1.1842163629624192,0
1.387261631906204,-0.8928408273161608,0
1.004992919987389,0.4764353762460358,0
0.45336816613392655,1.9950549265174482,0
0.30099687585754503,1.4451592565526337,0
-0.5704434363005949,-0.5104534058388444,1
0.12466438099273573,1.878120802300474,0
0.28585209542726736,-1.2219800533591252,0
-1.096216477606719,0.7230199511402364,0
0.38092012736545144,1.4027845531163077,0
-0.07326314463801815,1.5744984815196468,0
-0.650509294044112,1.3038366136113948,0
-0.26278415409760536,1.326869494931519,0
1.2607770043986288,0.7941444134048451,0
0.9154804518979002,-0.4486490868466507,0
0.8553609973075146,1.4837335601094992,0
-0.8040323532333473,-1.0705584563369663,0
-1.044682929388498,-0.531464691101359,0
-0.605590188643422,1.6885036667567803,0
-0.4629675116437357,1.6373798617962534,0
1.7830786167486654,0.09576292426123954,0
-0.3465821320114457,0.4233459431853186,0
0.32043572579726787,-1.6187325425134638,1
0.4681470931550766,-1.3013333000616665,0
1.842136681378718,0.5703564777344132,0
-0.24863808140178836,1.8643895057803912,0
0.015192567617609813,1.3632178468988287,0
2.1083854900562033,0.20187251039944765,0
0.37554641344883005,-1.2007117292165628,0
-1.6437179739692394,0.30270073683846227,0
0.45265694919447946,-0.010599215119858627,0
-0.06369039664074462,-0.9450951731527739,1
-0.738039611894568,0.5252847323442097,0
-0.5261993888665131,-1.0760833232223548,1
0.21660850399146594,0.4226016136575499,0
0.5061335909742113,-0.9567118869115864,0
1.1015232934965684,-0.15518914934482556,0
1.257589941453614,-1.1995677746585693,0
-0.8304548799618839,0.8116662481597218,0
-0.15508159839071858,1.8016860663258971,0
1.36121431653503,-0.8323765913016431,0
0.9929683380463881,0.8759688897019122,0
1.4413570693883384,-0.5896273242073111,0
-1.5928342521098138,0.3979285367025608,0
-0.5111714653219193,1.828531358913829,0
0.013417789884279939,-1.5646620009275263,1
-1.6570988821741084,-0.4095453640387716,0
2.0081662991432125,-0.0809738357985863,0
-1.1323680150559285,-0.3851566157395495,1
-0.5168895939472181,-0.9542420379873657,1
0.15061022080037534,0.27506517272928904,0
1.4976251672991259,0.6687941260919221,0
-1.9954636488794777,-0.21230800959132476,0
-0.5545473584454869,0.09079649192134477,0
0.11865685158215357,-0.07795186199180217,0
-0.9445828186340725,-0.5634441410862275,1
-0.740287241476747,-0.8869477354395631,1
-0.2939296700223099,0.8902396380717866,0
0.5710142692854842,0.1166313461431322,0
-1.7685811274283711,0.2919232626796298,0
-1.537824589679031,0.2070272549289593,0
0.819793207214871,0.4703962096711885,0
0.8751469115431125,1.1445087351726961,0
-0.5422715013924363,-1.768248548093517,0
-1.2189556248455629,-1.0770677391102725,0
-0.13668557672895407,-0.9064425328187333,1
-1.56340574016635,0.34296871562551295,0
0.8720010461746021,-1.119568353899272,0
0.7435476992913962,1.0374496107101645,0
-0.2621215399277038,1.7709591118585082,0
-1.0968772755681842,-0.4608709303744337,0
0.13359785548844363,-0.7660894041576027,0
0.20902816325079956,0.8600016463838442,0
-0.5968709093788358,1.053833142258552,0
-0.7042360971334065,-0.21408750950900948,1
-1.274424532292508,0.4637052956296305,0
0.23462359339787353,0.3039312236774257,0
1.6121789042911985,0.02920290852946466,0
1.3682511489974738,0.7114246718247801,0
0.2916252072250993,-1.1840227237000753,0
-1.7850391076221035,-0.0842715467577209,0
-0.10999079531766628,-0.8153017209330204,0
-0.8115143758017136,-0.5415084216701626,1
-1.4151727536513798,0.5184888530877271,0
0.6141823764364754,1.1544937965236175,0
-0.9409286732616446,0.12212031806367189,1
0.6832483526431334,-0.18968567158152283,0
1.3877048581828662,-0.6637856698557096,0
-1.6168971686016635,0.16314816319256295,0
0.8355798070825119,0.46569392208628635,0
0.1657758151596547,-0.6978766709025661,0
-2.231183615358196,0.13499049725399673,0
-1.25642928423508,0.2419772105516159,1
0.1051003623306801,-1.1132370360487,1
0.08628811488665872,-1.8853051840910997,0
-0.8918254851993245,-1.0437598677588713,0
-0.2571180065808022,-0.30516894225766417,0
-0.133803266221241,-2.112898602531721,0
-0.3469942497442084,-0.3726534057292962,0
-1.4814201296691145,-0.6594781493822781,0
1.2215165421595529,0.4528887486631686,0
0.7041864675417212,-1.3704408633999008,0
-1.5434773947573273,-0.43850866786653303,0
-0.8489518273406607,1.098830569921194,0
-0.7610698489222446,1.296321485892387,0
0.6042840192269829,1.2734354624616402,0
-0.3538974810935932,-1.5669865414020114,0
-1.0252981385120894,-0.9753844983461943,0
-0.12381089617982091,0.9320364286320066,0
-1.330660836919257,-0.9501110146955611,0
-0.4179450248861193,1.1451351914875556,0
2.085512352737776,0.1394819641496527,0
0.8657242470387748,-0.8073846258276761,0
1.0092950922922195,-1.4482773251465941,0
2.3562392102419816,-0.024733309207777627,0
-0.010048208409771334,-0.49225827032278485,0
0.7115615830729364,1.3709471121641308,0
1.9977777254942384,-0.25651908049399563,0
-1.3131434091711327,-0.027418135417929826,0
0.9712518988296042,-0.8494658796276002,0
0.21807789635385186,-0.8447642758022722,0
-0.282742385221803,0.8674233618602987,0
-0.6495211228432237,-0.6180114965710184,1
-0.09476021494937896,0.8016182747135947,0
0.021883000106179145,0.7421161764848164,0
-0.18986875811679615,-1.5609921197935412,0
0.1317524980840065,1.1597218426394555,0
1.812457531587868,-0.4114476461666717,0
-1.92076897974194,-0.2158192699119289,0
-1.3472019175417798,-0.6942919039848856,0
-1.025074080475166,1.2214062141740656,0
-1.5654459333553188,0.7629780910947099,0
-0.6558111179650342,0.28234003394485374,0
0.061222427468098806,2.1250707592112477,0
0.1516052256426872,-0.6228025711950218,0
-0.8269075151333001,-0.16971340262063947,1
-0.6549728816324834,1.1405115966715622,0
0.4310980107685253,-1.481089254423521,1
-0.8512014679695438,1.2250922938322262,0
-1.4519896675051593,-0.011020975644248148,0
0.028493629554460838,0.3975014003664553,0
-0.1316179687471738,0.18300802628599222,0
-0.7349711951435807,-1.574775064093113,0
1.733604521147129,0.708982905547699,0
0.8929769638696003,-1.2638580632042522,0
-0.7397962436448077,0.9575516617849822,0
-0.43144975911503486,0.33289392743200263,0
-0.7476828720459019,-0.6686225659922712,1
0.2622939149048385,-1.861284167999452,1
-0.951494862717133,0.847488817142869,1
0.7054077191517908,-0.9461709551244462,0
1.5005432053087884,-0.7040094460398831,0
-0.8109443426241478,-0.4177367765749623,1
0.14283424909641004,-0.24817464515162624,0
-0.7088580574008007,-0.6005348632056988,1
0.811367863968276,-0.3225751918000135,0
-0.8174787366954613,-0.5218657860810519,1
0.013741868162418425,-0.5862819507271873,0
0.4459948592697152,0.08490963982210609,0
0.2766705578926625,-0.25992559450222075,0
-2.0587616057146843,-0.13794953108168853,0
0.38077227120968105,0.06536270022256818,0
-0.44537485766191715,1.0661222387755362,0
-1.402059464335578,-1.0710961950845796,0
0.3730145637697013,1.2646466261684508,0
-0.8309799937339556,-0.18305694706052056,1
-0.30774279762633117,1.8754145041601635,0
-0.5598232306772208,-0.18769210032390984,0
-0.11844335248484937,-0.25148666521711727,0
-1.815083663934108,0.4559735344424185,0
1.786397753152318,-0.24799943203321517,0
-0.989868349059234,1.0624893319808428,0
0.4471880249534248,-1.3976817002287367,0
0.735499305704004,1.2924687475138577,0
-1.4568453398551304,0.6394943578055561,0
0.03955170366436626,-1.8964838985149288,0
0.2656716656245344,-0.00345464936296052,0
-1.9589384929344387,0.056272527702338766,0
-0.7145190930291615,1.4651354246794486,0
0.8801154948953654,-1.0795660806119953,0
-0.4986422804925911,0.4420156455270565,0
0.8968406110606859,0.5374506774781475,0
-0.7797560821268538,-0.4064239542187988,1
1.7402409543950839,0.20735777438022984,0
-0.06549341918091822,-1.1739805416452391,1
1.347480361217645,0.03982576994923995,0
0.11511839799248054,0.41192629750771415,0
-0.4350712789452505,1.7116008542934755,0
0.38921145334038526,0.2788968803869122,0
1.2783955058900909,-0.08135211511658921,0
-0.06987192268898287,-1.9753664638372719,0
0.2325450605092803,-1.8149366383527226,1
2.0707878438566554,-0.061386806215190194,0
1.3359546418633752,0.2808703155526721,0
-0.15278557490526046,-1.9664161946835141,0
1.5145236857313964,-0.3034850688060319,0
-0.13049862056338424,-1.75802967043335,0
1.7638649664813681,0.4339820371613851,0
-0.7680496721472342,0.8976409506833644,0
2.269118261900337,-0.00041909860938381383,0
0.09609319700432657,1.342465556892295,0
-1.8671788438267773,-0.5294233758165833,0
0.5958201342926249,0.7045008006972029,0
0.10889335396460802,-0.66155403428149,0
0.957865873588122,1.3407521287142752,0
1.3003724243492654,-0.18204371543585732,0
0.3908640660776148,-1.1257953910154503,0
-0.7212611019211361,1.1154732849470097,1
-0.615069917014918,0.5962313705121445,0
0.7741863143543187,-0.8567724894029457,0
-1.1072439705996369,-0.8384673915027648,0
-1.071693356103605,-1.354769227603002,0
0.957527358535551,0.1521445606321285,0
0.9071083854274237,1.5188560252570837,0
1.7314248075845786,-0.0479255620144957,0
0.8578772699169526,0.2922734658205689,0
0.6025933469294258,-1.64406048778101,1
-1.7896474030314795,-0.4409122020579386,0
1.3265064811056295,0.6195879154842665,0
1.4805136096919669,0.8651291446978827,0
-0.6773192667433438,0.4001744159484525,0
0.6794851794003883,0.5894583586803803,0
-0.3235132838647581,1.3684140132760114,0
-1.1732173168270088,-0.0271393737411238,1
-0.262861866450958,1.8818200070159898,0
-0.2021361759446568,-1.9494299338237178,0
1.3488595226323146,0.5332882559801276,0
-1.030216882504308,-1.1171442692241207,0
2.0928769898745685,-0.1274342964661724,0
-1.371097293643916,-0.9926889020521337,0
-0.8354370496357932,0.947286369947767,1
1.0099016921328847,0.6216920941610826,0
0.6584255355157622,-1.723362639880145,1
-0.3965536550229687,-0.6514475279048917,1
-0.7419922818380249,0.028731432927374297,0
0.7465318438166957,-1.5442904744392476,0
1.4512259451787128,0.48645704011321,0
2.1463583912310997,0.0626526953230964,0
0.46872368492691957,-1.4631077378329091,1
-0.13159358336528884,1.130421973612298,0
0.9634761579866009,-0.6737457807191668,0
-0.775932224003884,-1.6014492319801044,0
-0.0455335076731893,1.1014011461862308,0
-0.2760665072497738,-1.4470789838376164,0
2.2714654150047866,-0.10847331043542849,0
-1.450258726365291,-0.9045551153034345,0
-0.2530668943560259,-1.5917227054051064,0
-1.3708133842954933,0.47864107945254675,0
-1.137893304408621,-1.3130133910383945,0
-1.361323896201587,0.013643434624801654,0
0.7066705859342711,-1.683523085366971,0
0.8419534376716356,-0.4575524607780035,0
-0.817954559426822,0.15922182201192234,0
-0.259908513718723,-1.1447883493411264,1
0.600385041056919,1.7471385945784492,0
-1.1743278997479947,0.07227621075868368,1
-0.6899395317598311,-0.5994526255607182,1
-1.6015681590129798,0.5851237383096302,0
-1.1575391307638359,1.2031341738975887,0
-0.5116246293851485,0.04068469232819629,0
-0.192209994035346,2.0823389622698443,0
-0.8845542701409802,-1.4984612146894962,0
0.5414174220159118,-0.7531253086494204,0
-0.9739075998475687,-1.3637717755444465,0
-0.044011549391396815,0.13814280640507365,0
-0.34121574816891403,-0.18748999391184573,0
0.9606672889618996,0.11811603175460711,0
0.1897302441236003,0.04808189621104466,0
1.0870118252285694,-1.1040147344927729,0
-0.14836225664721098,-2.2401137570921024,0
1.9800136999225795,0.06486323165168317,0
0.3294499548877266,-0.5300022555217417,0
-0.048299299411911,-0.7811387037999624,0
0.23198489382310122,0.43217447834722444,0
0.4231110293543509,-0.06259722900391271,0
-1.0329097523318873,1.1753666259838909,0
-0.07449844688690326,-1.6041553628878038,1
-0.24112975536153763,-1.8670627820095638,0
0.07695782324198826,-1.6479820566908088,1
1.499051149982674,-0.6190666863662116,0
1.5956696053472572,0.09687200373768289,0
1.0185481832679693,1.1186144266914615,0
0.6496150960600614,1.2244047852139626,0
0.7724388200833104,0.5215787872125032,0
0.7146182677840066,-0.14792312763183776,0
-0.5760263493956318,-1.6431339019590026,0
1.1599635098978371,-0.7198636906039103,0
-0.6491356457507399,0.4895495891139283,0
1.8101855488848309,0.4233559870759324,0
-0.7904029133186865,0.7426630559839694,0
-1.3211604130077745,-0.004375656719507711,0
-0.21630465725492334,-2.0537168310831437,0
1.040966324182903,-0.32309880369591176,0
-1.2876498586357088,-0.07304753672689608,0
1.369156765210563,0.21727391483240055,0
-0.26569326963233286,2.020915571068175,0
0.4972299992787763,-0.22160990916703135,0
-0.31173387940857156,1.0987646573427816,0
0.2924516730527667,1.142691990372948,0
0.3931305210176905,-1.7204874956148386,1
-0.14346134502256624,-1.2582442486161163,1
0.7247105681135493,-0.6409636415179243,0
1.2616017825683787,0.9018129657527666,0
0.7731904227884567,1.5185060648409539,1
0.6128434265548083,-0.9865416272439896,0
1.0357858635715316,-0.4916445330469483,0
-0.3623076833941686,-1.3109746995526472,1
0.5740608973991741,0.7181590901917384,0
-0.012618795082852782,1.7020313412123729,0
-1.404050922376559,0.10125536210883344,0
-1.9060141999910096,0.23660918696426542,0
-1.5851590344703763,-0.14027607633477063,0
-0.8707983475621155,-1.2704688417733976,0
-1.607365449214724,0.3803019237272869,0
0.5062940641390945,1.2513035874035592,0
-2.0127807063043934,-0.0912273130550748,0
-1.658130374069079,-0.7154653003104645,0
-1.1160045945729682,-0.48172684139030464,0
-0.4935534300259146,0.3475361929065,0
0.269786369589932,-1.2255561080760882,0
-1.8371934626007842,-0.36968177538596414,0
-0.3059151507579615,-0.5094368774942353,0
-0.6026419931581616,0.03456851192407319,0
1.4732168682739617,0.755763503748732,0
1.3303892112779359,-1.0123768812460878,0
1.352757036582687,0.7593071634025662,0
-0.013130874599124261,1.1877667474330686,0
-1.9485131216914393,-0.2026497175824306,0
1.2047248117223002,-0.39933895916247536,0
0.8502913018061989,1.374238926219475,0
0.16056509167383,0.7420606096030276,0
-1.5905632440857047,-0.8907070134284958,0
-1.4140313199690362,0.38475899879583947,0
-0.008733882975537993,1.92836710748335,0
-0.6665163672840888,-0.8741295704870321,1
-0.2149428980341033,-1.9520594667115245,0
-0.08629968468496207,-1.0462863341831246,1
-1.4030788642593697,-0.3137346714207711,0
0.5054592614336729,1.9410847382728422,0
-1.5349508197293338,0.6443457791110481,0
0.8116234930154954,-0.044632182657998856,0
-0.3590147741598108,-0.6785354740849813,1
0.5216703836423394,1.7508604497933993,0
1.2620184911882557,-0.6964221028385944,0
-0.18690427527613698,1.954224576053421,0
0.2733336547125496,1.7648543182722658,0
-0.13275672517460008,1.5925328170945436,1
0.4874102817893159,-0.07287586731990964,0
0.4097267357865734,0.31989607484630844,0
-0.03111580110246085,0.4755386348437765,0
-0.7454900360780707,-0.357852705404071,1
-0.09966967209302142,-1.2156654264031475,1
-1.3577829420991268,0.6031721096721794,0
-1.672982097484549,-0.020190646019285316,0
1.3050651624395566,0.6951938722927546,0
-0.35668901272888526,0.3806070463286214,0
-0.37399081877279333,-0.5307521767446717,0
-0.4242112251521815,1.4298371139043613,0
0.8462770089003887,1.0693373203173326,0
1.4463513680382574,-1.0105441583546915,0
0.4075543521251513,-1.9898669851870767,1
1.2502685833831721,0.1860641174333417,0
1.007866695889778,0.9695611861345644,0
1.6548234624081282,-0.3227053095403566,0
-0.1391963043965572,1.5266119441420356,0
-1.4380923173987643,-0.3165162177811086,0
1.2251854990354674,0.012602905555944007,0
-0.2690673084809702,-1.5044323692882413,0
-0.3380538738958508,0.04263048153473038,0
-0.6962082789868125,1.2746909968051066,0
-0.4099894626054992,1.0858827944687068,0
0.5253031464480065,-1.1675386760466848,0
0.26904812317407006,0.580685252552426,0
0.3603669797713044,-0.979866279413284,0
-0.15512704524008086,1.417180274494568,0
-0.8578904908768427,1.4504556492772374,0
0.21447176278127372,-2.0473518215285886,0
0.1961921505585692,-2.0474559302728577,0
1.6492077439293487,-0.01687745593885904,0
0.00452526572367647,-1.3928751258049634,1
-1.1782791484121478,0.9751920768758335,0
-0.015154883805309079,-0.7892242197003407,0
0.5431035628007994,0.47073313710530573,0
-0.4623549442310896,-0.4379965225694989,0
0.1251468060270882,2.327968470907788,0
0.13448467654288848,0.5153260528297651,0
-0.04722878886654654,-1.1412641387011968,1
0.5257681303704665,0.8754815612032443,0
0.4145846003079477,-0.6776354337576248,0
1.5428868766468367,0.40686818631992167,0
-0.5999700732364673,0.449111485203793,0
-0.20049649847689413,1.4337293511654503,0
0.41708321685868754,0.1814604206931569,0
-0.6250262609163386,-1.538141432071483,0
-0.24827214881415985,-0.8081314741033055,1
-1.3879177277587986,0.043617541916101205,0
-0.19674903922799106,0.7450964591410644,0
0.5681317749122288,-1.8700883191474271,1
0.9535390198969464,0.4188412571743033,0
0.5984091977078764,0.7376737493871707,0
-0.5021103368534153,1.1926044519739563,0
-0.33721623215121127,0.2270637748156012,0
0.22990839725511464,-0.29541785820372646,0
0.8879989228474529,-1.289562006086331,0
0.37795046141903577,0.5193298688190874,0
0.3866158295072621,-1.164213996626412,0
0.8655078677619995,0.30486803070696866,0
1.5817823995414577,-0.8145545541313968,0
-0.7243015125039173,-1.2861128367961552,0
1.4540778429830161,0.9426844187472347,0
-1.648989871441094,0.5968160006072499,0
0.7815768039616648,-1.0333035711348346,0
0.10148901153454794,-1.30738201894559,1
-0.05119354440271247,1.4283538870748245,0
0.9361584408436379,1.0771593912964557,0
0.8757080725623387,-1.4126620993891883,0
-0.495010482376077,-1.6948714582856996,0
-1.8152245392193482,-0.032189158304495896,0
-1.2454108669026733,-0.05404862963943488,1
-0.14342181499743706,-0.24998665940364226,0
1.2233940742738725,1.0543118169154213,0
-1.221301412899763,0.4944654556143502,0
1.7007630576562889,0.7479961535575463,0
1.0314658172606659,0.2499923594454705,0
0.33079886735202263,1.5602283456815935,0
-0.5493517653816332,1.6045817306477612,0
0.14903617064429914,-0.8540740044908194,0
-0.06301933816773131,-0.7793394230263545,0
-2.013873238911135,-0.46566230237428957,0
0.5781710392813201,0.2383038558648858,0
1.1893031803213339,-1.0205927587789327,0
-0.9405261178904665,-1.1910034017266422,0
0.8632490354210277,0.10648080809062983,0
0.4195142056066999,-1.9546028574676315,1
0.3528534797000132,-1.3824694687965866,1
-0.5749112554323227,-0.3334087413118424,1
-0.3813225605816067,-0.5714815730817792,1
0.2751934929239434,-0.8490464564266148,0
-0.6149486021990126,-1.7234957486101992,0
-0.739306634579818,0.26674680509969095,0
-0.2673857868271929,2.109696074472423,0
-1.8173176138643594,-0.36714877365047305,0
-2.101039461283856,-0.30478346761007524,0
-1.4803181302211843,0.06817396849530806,0
0.9529108424091506,-0.8341375187057324,0
0.49079448137045434,0.6130888587908314,0
-0.01627750697335958,0.3389563244015477,0
-1.0998050795128915,-1.2092493669159483,0
-1.1171248886058922,-0.4461499972260337,0
-1.071138464371308,0.4277847948103133,1
-1.180494750142923,0.9375400870618681,0
0.09891754226229608,1.8294769609092203,0
0.23226032254062226,-0.3764754443659411,0
1.2952061051859896,-0.6178825214926609,0
0.6764131338684877,1.3127374800526506,0
-0.2516351568623795,-0.5815059836254258,0
-1.8062866740623982,-0.4407271115839425,0
-1.4088501862789418,-1.0069348378582683,0
0.8436810357870838,0.392457835297521,0
0.6326026222909393,-0.4882846082457917,0
0.4931874126325935,-0.37790813535848417,0
-1.0928254977630352,1.102228046321825,0
1.9845832341784473,-0.34612079488257746,0
-1.0504286917020957,-0.7222281798307039,0
0.648481209367189,1.067721541265439,0
1.1040083293779106,-0.5830161971100727,0
-0.6942447857926709,1.100362910877255,0
-0.35034153021492687,0.921746382480917,0
-1.6401159121961433,-0.6428124189095561,0
0.1884778551871552,-2.258358204085595,0
-1.0370666428354116,-0.047194970222926805,1
0.18240302142623704,0.052601652023750584,0
-0.2382194630796431,-0.5182643025898368,0
0.2017008792958452,1.603026413136128,0
-0.48590640777344435,-0.30401652638917126,0
-0.6295754284180367,0.4789138962168441,0
-0.016230117346029024,1.1613110492432586,0
-1.5560383206024302,-0.8107957876966787,0
-0.11220681419514389,2.2068668547761683,0
0.9068813704210994,0.5228064062262696,0
-0.28537727895030024,-0.32210585970159855,0
-0.3612531364206761,-1.43881632289138,0
-2.2021103103385142,-0.12301841079775812,0
-1.4715081395478415,0.8463500840769408,0
-1.3271096454713338,0.5102977168541435,0
0.027926699749096964,2.141511836307974,0
1.040865224416586,-0.0620108797467288,0
-0.9714297230684489,1.031474517532836,0
-0.9984833446353282,-0.33645754983164183,1
-0.6071511607856032,0.16120383957373866,0
-0.7104891783057653,0.24560744011204702,0
0.6557689243415623,0.42401178754377433,0
-0.3581705244766397,0.29345907904200147,0
-0.5608014350708903,1.5197669255786643,0
-0.15616704470764986,1.3404987869736784,0
-0.6900730690742469,-0.9637456480651463,0
-0.5420269222162952,-1.8742167103862075,0
-0.3761903793286245,0.9424849711772704,0
-0.05258256399122722,-1.73191142734568,0
-0.10823969423737725,1.8835853233745625,0
0.22990068267283734,-0.09976217792186735,0
-0.745088575337512,0.5412770569898426,0
0.4678504101223676,-1.3078987154121346,0
-2.2544805277043283,0.005331775575805489,0
1.850106590035061,0.4966513809422402,0
-1.3028833416802619,0.09969518870970961,1
-0.9886912927695146,-1.4006215624783689,0
-1.3427536396154676,1.0417504833982192,0
2.2201275039290778,0.0006155106097472018,0
-0.265845027328717,2.091356492863257,0
-1.6900618380119161,-0.5085328115640964,0
1.3497568009490162,0.2345633465115699,0
2.0805292909396673,-0.17014482468167513,0
0.20265541237117185,-2.2437723756107033,0
0.18066806867776722,-0.6898832906360102,0
-2.129068363378811,0.2811256169713364,0
-0.45145917954968834,1.5277647227546707,0
-0.5714914499980341,1.277018717254487,1
-1.957109258204283,-0.2106078120815732,0
1.4641044383484683,0.6263332368242103,0
0.6959170712266433,-0.7016036200516192,0
0.2699898426113097,1.9115502718722985,0
-0.6862916971426881,-0.6508718998243926,1
0.9233380628487168,0.6226777423084031,0
0.11212955708852955,-0.232766592755457,0
-1.7891750447967731,0.2853823215724107,0
0.08059957929199313,-0.928212390212404,0
0.3320716170153965,-0.7749570669439507,0
1.022302968953906,0.08447967354089986,0
0.35517485778131214,-1.8504046795289188,1
1.8024860923856214,-0.6396747243847872,0
0.5136532439382161,-0.6615780402719152,0
0.08242404717795923,-1.180942506083239,1
-1.6869013029990316,-0.5082683620842317,0
-0.2547845188768091,0.8208600823913493,0
-1.8559256856531925,-0.2663217599209481,0
-1.2589878371976142,-0.8840008038948304,0
0.39553488250579316,0.20460981939527842,0
-0.4093405594691636,1.4376159369023531,0
-0.07131979619257106,-1.1911007881642783,1
-1.1889660793607453,-0.9077639226193821,0
1.0419417698203786,-1.206941041152625,0
0.45909704800235585,1.2185739828639426,0
-0.38868903744787564,-1.1706207933629025,1
0.10185737217659421,-2.1189678158825083,0
-1.170796504709253,0.704170528827547,0
1.6388386944279072,-0.7737813019450279,0
0.1413319441448987,1.119069809309564,0
0.8382875168707177,-0.4362601258463101,0
0.8044192298245416,0.898687868262089,0
2.0491668736340602,0.3766276782916904,0
-0.34961965143550383,-1.2615271169306532,1
0.8589190934776832,0.03097569531949862,0
1.9313584669089872,0.21552777088296357,0
-1.8001347769304905,0.1255639370105425,0
-0.300170434316574,0.7259459975213401,0
-0.3924589743198434,-2.0286685421887602,0
1.386055061233066,-0.21989624895984997,0
0.47260354626248924,0.3433658869408193,0
0.27634348934263675,0.37719121597626976,0
-1.3157810918155854,0.8790555279971715,0
-0.19965491324981866,-1.9671267863698376,0
0.5508184409728407,-1.139220669771002,0
-0.5884035391553202,0.42586617168234603,0
1.3790257185920036,0.0382345034633276,0
-0.5712704014974826,-1.8219636755350765,0
-0.9928844528140005,-0.8268690927819965,0
1.1289089361116544,-1.065365850487592,0
0.39692338070320865,-0.8759017243105827,0
1.776462825942012,0.28893368723173296,0
-0.6224282020674371,0.22387317840600812,0
0.3856134888313078,-1.6750604923399341,1
-0.20653939911626829,0.6052037665405496,0
0.4708558752487504,1.417410851049098,0
-0.39405706805423424,0.4010480968832797,0
0.42246277313571295,-1.0737358527399454,0
0.04783490617222655,1.5536055924084948,0
1.3310511744761127,-0.053453361447429244,0
-0.16527140439860327,0.16292274733991513,0
-1.2763608432442115,0.8220534995411551,0
0.3621151064165018,-1.648509470744047,1
-0.881834348058791,0.7063478196698136,0
-0.8866325702283616,1.253492578990774,0
0.3248668563419709,-1.0710762248934054,0
-1.5510765909576214,-0.4314323745081825,0
0.2195542552591798,-0.9270296211589685,0
1.3654815027045808,0.14577767546853712,0
-0.13455597791359336,0.5165255588606198,0
0.2769417358934299,-0.2803956198933073,0
0.44513513430500945,1.5698089350000057,0
-0.6240896297794961,-0.1752766285041421,0
1.7358842055775294,-0.056374440235253676,0
-0.3047443382127059,0.35916124490479634,0
-0.5166340675960156,0.5377984149700309,0
-0.08773088823456986,-1.1542735279766203,1
-1.5539444026072124,0.3424278539879735,0
0.1593545226037235,0.4229652749689244,0
0.33380163829126946,-0.11291436670150869,0
0.6656847175933074,-0.7095710291468564,0
1.5530276296719963,0.37982730643478907,0
1.3905797330448968,-0.09816106649125536,0
-1.1978909701810943,-1.084872561566477,0
-1.2071570539834136,0.5121096549783027,0
0.16084225893515375,-1.948343774601201,0
-1.5879134107756079,-0.8934446274640487,0
-0.8137604075905903,-1.1124434355979156,0
-0.9158537144639742,1.0951663658937165,0
-0.17566674970646726,-0.9823895264554091,1
-2.018503996736421,0.2681203765352396,0
-0.5680304694048798,-0.9984658885777561,1
2.102529778925799,-0.013036474290790105,0
-0.560192083617062,-1.0354427163502937,1
0.35851046508902307,2.0882734724088223,0
-0.7843649322409765,-1.4958827287070315,0
-0.0869683499082486,1.7526881425500738,0
0.8041916441055039,0.9162670224430907,0
-0.5242350529651952,1.2037647439767578,0
-0.6091827575767026,-0.7154171901497383,1
1.1683118865773932,-0.4492973637003935,0
-1.7388788909837631,-0.1917453632193522,0
-1.2600189276894709,0.9030471229337625,0
0.4913520816084837,-0.5528766970085236,0
0.7112055668822223,0.5832866020111338,0
1.0810840264598987,-0.3832541628952065,0
0.4137236982167665,-0.38953972443717666,0
-1.4211102107510818,-0.6165123657852914,0
-0.4453643037595669,1.553968765144585,0
0.5685863087237785,-1.1250834155684992,0
0.8835687450917055,1.5060844576582666,0
2.284652309295515,0.006132399575973076,0
-0.9750178284104734,1.1237394285413786,0
1.503772955198829,-0.33490537285175725,0
-0.19920953260997568,-1.5724060077162307,0
-1.652536460337864,-0.46512617598933037,0
1.9044329163674083,-0.005765869262974687,0
-0.7392735355625186,-0.13331441925705695,1
0.0787361689626733,0.1781677277660191,0
0.08753963286172227,0.5084819530763651,0
0.5071597332646126,-1.0784085075101908,0
1.164912655223168,-0.9877074962646331,0
-0.40241440395288247,-0.0007602275479262536,0
1.2863422953371098,0.7587591847076987,0
-1.3131958076946537,0.49300855842648506,0
-1.279045014589597,1.115828952239305,0
-0.5221085702405257,0.05555193944298984,0
0.42797970645600614,1.7412918656540097,0
-0.829059292900537,-1.2099365967176736,0
1.5729941508950354,-0.8541853918802819,0
0.39915315045338723,0.4634392620446491,0
0.2146692442161424,-1.7176426810835097,1
0.13406261721025411,-2.027415733483415,0
-0.6381847793346008,0.47980778657234574,0
0.6426735028522134,0.2919881569259626,0
1.7939729514018985,0.21939171682954092,0
-1.5371657091271607,0.5457211468866192,0
-0.027185692797293125,1.4915300596342234,0
0.33133960064389745,1.167167578004104,0
-1.3158610093592664,-0.6827231473180442,0
0.5197277158002244,-1.3160946920821728,0
0.49775731830189285,-1.23191947028345,0
0.03693072072916322,-1.9355817932357615,0
-0.7161002901444374,0.7467801108784352,0
-1.7044259811922593,0.7125689449181062,0
-0.9099313149221375,-0.5706966990208927,1
0.3927506069061658,-0.022624869277028982,0
0.33969704390484146,1.4870220685243547,0
0.7689651121533841,0.16344576632038682,0
-0.02373729155536167,0.03302264308454089,0
-0.6103165401944292,1.138427200742945,0
-0.459366616993898,1.0004126474313624,0
-0.23112771974687435,-0.5503760426379739,0
0.07081714563732984,2.2955901887858423,0
0.1950055705316026,2.0896316337280902,0
-1.6891500481716175,-0.0948285735399475,0
-0.8261560018251025,0.6493930961856719,0
-1.7227349960528127,0.2913809817854222,0
-0.3673260201623131,-0.8060748382136519,1
1.566116397386786,0.30951611009706936,0
0.4750764180531178,1.2022903558077014,0
-0.21758755086882786,-1.196439989514125,1
-0.7049112022816875,1.296578863492005,0
0.979940614334498,0.5292003167258417,0
0.8468321634649778,-1.1538002512141667,0
0.7007210868754499,-0.612867892841295,0
-0.33625880739344216,1.4091524927293548,0
0.8070237084935524,0.32932298285263467,0
1.9232519490603812,0.4895146288066532,0
-1.7167474213258778,-0.6009929306190027,0
0.1640384716225795,2.0967831750520647,0
-0.5189000777086951,1.2194238249860039,0
1.1785043996024689,0.9128264932574309,0
1.0320578061974137,0.5060267550851304,0
-0.72770323223469,1.2822424035405084,0
-0.8055501884379491,-1.5159163326052443,0
0.31920780741982835,-0.41517343833101167,0
1.9384719153682182,0.5186871353479994,0
1.2695816763658496,-0.32291734112326276,0
-1.807126608825873,0.48055917394261816,0
0.3688453654210668,-0.11174957533720081,0
-1.8567256849885712,-0.19096640777705165,0
-0.03661711473682135,-2.144244206407628,0
-0.7995724113393727,-0.733277378737894,1
-0.6393857203639536,-1.460797466617002,0
0.6744654915418803,1.192313572732406,0
1.6318006939373606,-0.06712624763191614,0
-0.42664428532880966,-0.4838503943168151,0
1.8969804542752144,0.35126509708289194,0
-0.3598507135381641,0.983699194297308,0
1.0557387679090378,-1.2448100279657328,0
-1.3745272542175961,-0.06717047617260273,0
-0.6794428916678923,1.42299399384874,0
1.4843036216241712,0.5191634295381842,0
-2.001551382127944,-0.46098776086948834,0
-0.4662525591066302,-1.4404302461116543,0
1.2501055919341282,1.2015468016509139,0
1.2760078609596341,-0.635981946623695,0
0.23461794028797356,-1.6326519092406784,1
-1.2008499336156584,0.29897400010271513,1
0.7706383116492332,1.6182027852677159,0
0.8702060779739127,0.6382346452004154,0
-0.7204054464951292,-1.3040869260360135,0
-0.4371724459458799,0.16576726537589087,0
-0.132539332998516,0.5886636898874178,0
0.5690623937205889,0.1718979327000963,0
0.02800350218580708,-1.431882589009252,1
-0.9481403878541124,-0.9285616646513477,0
-0.6575674989577499,-1.4711591164251598,0
1.9495057660068777,-0.41483034661174534,0
-0.2467034416863633,0.8213434701988419,0
1.850965432757785,-0.4202732247495512,0
0.11938210416842027,2.1072997252612904,0
-0.107616457725254,1.6398368631861477,0
-1.1128722299718687,0.5926640456064172,1
1.8332935740411902,0.254458426215686,0
0.08579112914840285,-0.6170995304956727,0
-2.1811528168878525,0.16960192427293136,0
-1.2928220410134437,0.8475633509244838,0
0.45732214680708316,1.0251511665193003,0
-0.09489440011973355,-1.6192176143136314,0
0.1314220020138345,-1.6365161771961614,1
0.26736589654162224,-1.8822779245201469,1
0.45739439622763794,-1.510604032182195,1
-0.8732028590501872,-0.9551610462934764,0
-0.6834894229360993,0.7428319802899682,0
2.0696300164827797,0.36382964167950504,0
-0.7471388237906589,-0.4001413537092037,1
-0.16309375228154774,0.000914932883818456,0
1.150896246532903,0.7338610527080018,0
0.3715719006873645,0.17988462648424747,0
-1.1479927077100007,0.5816610735536123,1
0.33427079758719846,1.7374853325279267,0
1.45387929656793,-0.26618178988261293,0
-0.6762533542759275,-0.638072506801342,1
0.005515783937790113,2.377620929403748,0
-0.1662894395197954,1.4034691140138953,0
0.2031707769178936,-0.7143894147320475,0
-0.09036818984401354,-0.16625036080511166,0
0.42557518911781494,-0.3153605991570653,0
0.3445497586420038,0.1137631280598146,0
-1.1725639898477338,-1.1821851178204341,0
0.6397018078458369,0.11402691954923465,0
0.7934106862086548,-0.8693627985309679,0
0.2580022368540399,1.9797327784917245,0
-0.5590001087322551,1.1226010875971104,0
-0.45097619295269864,1.127116730062466,0
0.042484782543509285,0.6978282870772875,0
0.17648572284618522,-0.6938016040882342,0
0.4608222733438983,-0.9377167536445319,0
-0.2394704639638101,0.7234026504016154,0
1.5780655942264106,0.6278714779861709,0
0.2240295609301665,1.4109072013682513,0
-1.1320769171203744,0.23252163282557028,1
-0.4181331212789034,-1.3728573801739299,0
-0.7003323019583635,0.7866131400784238,0
-0.9243926432446861,-1.3877377846564962,0
0.37399131798729784,1.0982541263272627,0
1.011843757011687,-1.2251127742469234,0
-0.664862777192512,-1.0652070836395653,0
1.914016148326904,0.11711967089527782,0
-0.5599033753184588,0.6954200068154541,0
0.6408877500253863,1.062180395395367,0
0.21441048559754614,-0.6801460963799539,0
-0.13687806593360874,-1.6748309307958849,0
0.8647941081043798,-1.45566677120441,0
-0.8512287899415975,1.2991736992414775,0
-0.334064600093629,-1.4484279040199697,0
1.5259760638992672,-0.08042727112516401,0
0.48274366855013834,-0.19773692357864864,0
-0.7200527253462462,-1.6948278582751422,0
0.4296736168992429,0.7764206206404165,0
-0.7883756776701568,-1.0818159110066408,0
0.4096710531169471,1.8484604280202062,0
1.1385192130918291,0.6235395482082099,0
1.608804116578639,-0.5002747265655262,0
0.4313678778930187,0.8493803248184326,0
-1.8109928555389543,-0.5749122934295534,0
-0.261598006701919,0.08883982779540493,0
-1.547536907355743,-0.5121616634969549,0
-1.3126968111908452,0.5678974432062587,0
0.10363101806093027,1.7724902183357674,0
-0.5273939164060935,0.051861029608516435,0
-0.8907238056716638,1.4650681026537284,0
2.204073269693442,0.09682121204240304,0
-1.6613455012395328,0.7391267931791036,0
-2.0183924251550764,0.15013119900987082,0
0.32118109907775283,-0.5825254751748848,0
0.6061081164080703,-0.9146607503209134,0
-1.3143912279926542,0.7151436163001834,0
-0.9551343104824135,1.3262067869057252,0
0.6728521050923022,-0.3930127132789622,0
0.11666963487008318,-1.2854149554656689,1
-0.39592400506319136,0.36115869133713446,0
-0.4819259270903473,1.5044089725694916,0
-0.24883732013223797,0.7395186799751994,0
-1.3122393323076995,-0.8463898497924459,0
1.2986493317707728,0.2729214005075535,0
-0.6709026630022559,-0.5539657941979286,1
-1.3176306779132962,1.0654607251262078,0
-1.4099697016535235,-0.9501803571898779,0
-1.72074093000942,-0.052509122097967716,0
-0.6159600582231854,1.1704523574232826,0
-0.2854479040314741,0.2650399908088785,0
-1.1505558656140225,0.08401370799638969,1
-0.0012860882892451054,-1.8558819672754945,0
0.4742133965777556,0.3561964863089421,0
-0.09831300157856097,-1.6187282009214112,0
0.8501209510438018,-1.3676440205792535,0
1.9480814983430703,0.36428772641959195,0
0.47635600866135097,-1.7932802644047692,1
-0.6192625469151174,-0.47355114964275496,1
-0.6437976635581425,1.197010899331153,1
1.0496719842850328,0.8130800876711167,0
-0.9552639997538248,0.10413773934181218,1
0.5579409931914882,-0.8963711899009208,0
0.9667006397240778,-1.3364449088706671,0
1.3771504884015582,0.8707154029983759,0
-0.6953796523415501,1.4914715076120169,0
0.2379836520764281,1.2269208341264213,0
-0.9728325950436353,0.016824129594708817,1
0.5304230686777768,1.4376134468112949,0
0.5704017803285201,-0.49345174496096883,0
-0.33185942155005194,1.650371945711582,0
1.828025234094652,-0.33774959350207406,0
-0.5619196448371888,0.206338587853006,0
-0.47628818404941675,-1.230047581260693,0
-1.5428810825085346,0.12526652765698174,0
0.05236105101194231,-1.7628511468248687,0
-0.346899032435502,-0.24882528541854756,0
-1.0538628687680547,0.6541475211184884,1
0.4828684332664271,-0.1712129557612037,0
0.7081560944357561,-0.4185496091485903,0
-0.299128119393484,1.8613896165704846,0
2.158462153955407,-0.12057491104972169,0
-1.5162824026635615,-0.2857227679377524,0
0.834343758010563,-0.2410703779017503,0
-0.6838635470617593,-0.39870035517293645,1
0.1264487938152571,0.9321740658815817,0
1.1836770110263912,-0.43802781737156166,0
-1.3420755479357998,0.40930169072880607,0
-0.7259407069642907,1.5404511252598116,0
2.0693765785405027,-0.20912854106882744,0
-0.3142092995066564,-1.02501909301125,1
-0.9316284148786652,0.5519444775178054,0
0.6082802798125869,0.9674764048435526,0
-1.9621551521842928,-0.2536722618372072,0
-0.4083357549480977,-0.4366426593363885,0
0.4247382519456374,1.5450501039930173,0
-0.7594976650205365,-0.40680914864954976,1
0.5988897403853959,0.45046401914146394,0
0.0969490988529918,1.9384243533945145,0
-0.16455074473736037,-1.4445742876260048,1
-1.59684278465595,0.3719781884465774,0
1.1891128062921028,-0.5407239262201288,0
-0.9541465822138834,-0.4603617204508274,1
0.038326587278585074,-1.5846626394759893,1
-0.7164945922608188,0.9707693790174274,0
0.395216035973465,0.37755047839163947,0
0.07901518301388255,-1.3211591624318433,1
0.4186401777268127,1.7379474496336509,0
-0.0733109927921937,-0.7469396082691175,0
1.170760323756061,-0.21460050686474827,0
0.9238969103115864,1.1531388645832332,0
-1.2703719169962082,0.34999908295379795,1
0.3644149792620577,-0.39675022833201057,0
-1.402390880345088,0.2879230707111477,0
-1.6254343901586759,-0.16955984204295763,0
0.5341314603908136,1.3202075858292468,0
1.9513840776413183,-0.12935426213514667,0
0.1616719318759602,-1.5323818649795211,1
-0.9526689659849074,0.6603317198468134,0
0.19572738983207105,0.22506210919511183,0
0.37577830504284465,-0.9242384471545501,0
0.3236626514578318,0.12498625220637123,0
0.05188100041119389,0.8615732426867477,0
1.6720426295563626,0.17221409173091184,0
-1.6849896276428067,-0.6401066507387778,0
0.8738008609063442,1.0694902191466957,0
-0.6619507752312176,-0.6920544351494928,1
1.0669638117667006,0.8107581139328478,0
0.752867601485933,0.9909092105415863,0
0.21797378409780338,1.1578080780486508,0
0.05418052427453145,1.705327539070359,0
2.124955614468687,0.16169295364992906,0
-0.4215663364001008,-1.0384627798411592,1
-0.4296290633583545,0.9372400396361072,0
-0.5627361123454854,0.5851413019453608,0
1.0726768133692992,0.9131802847215787,0
0.3625562786754298,-0.258195510890561,0
0.5064456490702769,1.7156784526907887,0
-0.6436545159283158,-1.7814638555642401,0
-0.03464708305891338,-1.4938019722786333,1
-2.1722199262879274,-0.23808118442541587,0
1.5206105734467916,-0.5241282834137023,0
-0.17856613913163585,-0.68112269738572,0
1.099266754861286,1.3274371380208536,0
0.377128090030081,1.08316960697195,0
0.5133343672850628,-0.5909202959382787,0
1.3258158179982933,0.7847548615693584,0
1.5381625846451699,-0.09170171754676334,0
-0.3634734837456903,0.7861698676487854,0
-0.40845613236244094,0.22043303755299903,0
-1.450841812772239,-1.0410709374738205,0
0.8923015226552001,-0.5432904671395892,0
-0.43860489698632127,-0.5269013339203077,1
-0.11662833742522177,-1.919203921633978,0
-0.3685219332454053,1.6635041176345926,0
0.7149705182807352,-1.0396854994671831,0
-0.7532578943406711,-0.8036827622100059,1
0.18143989548805706,-0.6740779117381878,0
-0.2166608712137107,1.6947513179045828,0
-0.28043356086617066,1.1156535726750203,0
-0.4432896660305282,-1.6537862988588519,0
-0.4459577683014703,-0.41083531516245886,0
0.28160866461579886,-1.9040392190276998,1
0.15871902888075734,-0.1322940535660593,0
1.1383277730149663,-0.7632325576969553,0
-0.14331366470024756,0.9287485978878175,0
-1.286147054174239,-0.7500322084858805,0
-0.9782260214546836,0.9375917346720498,0
-1.8090400357007408,-0.37150125289420477,0
0.549509133016029,-0.22152256095696737,0
-0.10779558189437434,-1.2526594006190777,1
-0.20153971183707384,0.5827729860620356,0
-1.0850323035366223,1.2535101218041627,0
-1.1137223440928823,-0.6296929005064594,0
-0.7068620341343461,-0.9392702338967516,1
-1.5134906782252244,0.2632911742453802,0
0.7361558560206196,-0.22808018360401025,0
0.36534485574292797,2.036214039448778,0
-0.15783209062930648,0.10232638736211877,0
0.052693892265162495,0.22486577509414404,0
-1.8372611462612185,0.4421183230039351,0
-0.06564730352301355,-0.9070222625311338,1
1.180130793884058,1.039533551220402,0
0.67603447361742,-0.27736580185276055,0
-0.5128137466275994,-0.2705525296646389,0
0.6835196711788063,0.44366467533809956,0
0.9699900742960049,-1.0483499906566744,0
2.0903332780401853,0.3510746054018007,1
-0.6510831242962236,-0.6586408815514522,1
-0.25673214444125836,-1.9743589175282934,0
0.28402516197319344,0.6608286479946378,0
0.19544775808075393,1.8619770310456945,0
-0.7559377556913714,-1.0790054195911574,0
-1.0985143384532536,-0.5414918994766459,0
0.6287910815899549,1.2735573600347263,0
-0.025718924906647865,-1.5472524339088263,1
-1.0024323869711427,-0.6809716846351378,0
-1.39948784607152,-1.019659194504798,0
-0.12428054955440586,1.062470902845506,0
-0.2500226820544676,1.982450502122989,0
-1.033263675918809,-0.41513504310845084,1
-0.6345039785547344,-0.13904606697710586,0
2.008548253896296,0.19727748293886607,0
1.2289289427059895,-0.7703525399652251,0
-0.06922481377281997,1.1905685231056597,0
0.17672380094781412,-0.9253923896656624,0
-0.29987278394605094,-1.831898435683668,0
0.36774830111719015,0.3318358183448579,0
0.37034197518934986,1.4581798709879146,0
1.1258503200444423,-1.2622074537451755,0
1.959513463466345,0.07634280885058184,0
-1.851359297388313,-0.12786688329313298,0
-1.8936341586171415,0.1636388761324221,0
0.017894306175086663,0.7287632071526644,0
-0.9649266197755797,-0.12490943942812449,1
-0.24755070314341587,1.936656106148869,0
0.6839438396721851,-0.21207650319398752,0
0.7015738191014096,-1.2716543511608807,0
-1.393361514574699,0.807787686955904,0
-1.0923042289822347,-0.326692549407628,1
1.0994783734231386,0.32974891331759637,0
0.07926188937457823,-2.2039923693190455,0
1.7652388145890783,0.25969425767497034,0
-0.7467211113585088,0.7317757314317574,0
-0.3483415549178561,1.8233032540896965,0
-0.6393109020337191,1.5010049380938308,0
-0.24936008935653753,-0.6108139230679729,0
-1.4532895692908063,-0.871956238348164,0
0.07380217212162772,-2.341039257686192,0
0.32786356913070164,-0.21398969003298618,0
0.5107430767372687,0.062139136662766804,0
0.15485355514016774,-0.35623174394113116,0
-0.19021720542029652,0.43869972852602007,0
-1.4303763657063346,0.48789373101365674,0
0.5127623903785885,0.5070164948684467,0
1.994103475953804,0.4550938031051274,0
0.2113954119942276,-0.8331091668413535,0
1.2228569787708734,-0.17009393081527333,0
0.34495449571122877,-0.46299371170032966,0
-0.7985627259921386,0.5516136102139148,0
0.1935029572959762,0.8534156794160113,0
0.6981854917727247,0.9573029819272468,0
0.7893078078101007,0.07651655330009148,0
0.19217477197551136,-0.3675085856965149,0
0.5727076295052864,-0.06084345205132509,0
1.2153581164545724,0.7373096548913521,0
1.7635829359089397,-0.2975506206313866,0
1.3107851415830425,0.8024179178147818,0
1.5168135629592259,-0.45852520614482833,0
1.632794781144764,-0.08761875453166973,0
2.171715345558129,0.0902603908898336,0
0.4933389219231257,-1.457363365651546,0
1.5622140819046202,-0.6653629649395,0
-0.4340668882456461,-0.520277888799909,1
-0.025646427634884474,-2.066813831387822,0
0.06691695670275957,-1.7426063016963622,1
-0.09441218406182372,-2.167558815519396,0
-1.7687593333015268,-0.48093359996317137,0
-0.8739151490868405,0.47236418531061414,0
0.11038043456622573,1.4890447820385055,0
-0.9171815002226971,-0.1802941285323271,1
-1.8710210506359752,-0.2850378901148329,0
-0.8785494977935149,0.3144459757467764,0
1.2444438571467866,-0.8435520680955988,0
0.6470458869295383,-0.8644417705916693,0
2.087584293679944,-0.18989077634913398,0
-0.04465435048295849,-2.14360784305507,0
0.5823839674951901,1.1147887218746777,0
1.5324400429063563,-0.9091804992332949,0
-0.37439076816044914,0.01723917088412566,0
-0.43471994765492356,0.5833996630519859,0
0.28034409353401013,-0.9857255419032845,0
-1.1368919440926166,0.9396029966175229,0
-0.10968338135797567,-0.2075737837191517,0
-0.005583288045554472,1.4184475131160617,0
1.7545304427671076,-0.5165469755543304,0
0.47189119877560654,-0.11935572924992228,0
-0.03698582413395756,1.53350974256486,0
-0.4145421507982163,-1.6331743696578072,0
1.0080342964846831,-0.033951345399320584,0
-0.9947068116666733,1.403850068390756,0
0.2795996184664842,-1.7006407859094976,1
1.0451282811984532,-1.232055378685146,0
0.07299251964978506,0.8894225134380926,0
-1.1179298840896392,-0.4638583074466612,0
0.1922563215798261,-1.1443857343673869,0
-0.7405837683697116,1.4259246057486294,0
1.4219872377010214,0.42186420994659435,0
1.9463918573237933,0.3776724278665303,0
1.0113506746722576,-0.8018132432424151,0
-0.7999270538710915,-1.6627201484362681,0
-0.7754769075927975,-1.613012220351449,0
0.7866602557060925,-1.3929487064338177,0
-2.2399528376134024,-0.07468514300548268,0
1.9930743723701716,-0.35235135461434164,0
-0.7738681391953754,-0.05200068287962198,0
-0.7482459168128267,0.6676152224689683,0
-1.6198499478055775,-0.44401114371864636,0
0.5532171878299952,0.9829938130628842,0
-0.5276418902961257,1.5995395679124707,0
0.33120107826563105,-0.35295623760402817,0
-0.2775552363126051,-0.21526147464024661,0
-0.26789089539063743,-1.5582751996047477,0
-0.831973503559111,-0.15118120712158417,1
-1.861223235260256,-0.29725137184248857,0
-0.13437336647285456,0.9922780940021921,0
1.4441338564459951,-0.7665953736544822,0
-1.7394980451897422,-0.5862691377843521,0
1.4053059961416987,0.6476568462033253,0
-0.25833093431631254,1.4177771377237018,0
0.5981938013908953,-0.42748044087277076,0
0.9251597562234035,1.439366804997414,0
0.8476637881729057,-0.39502746827791274,0
-1.1134765535986642,0.49599179080737543,1
1.798972808799042,0.5473657038370263,0
0.43556600305168686,-0.12901829600349612,0
-1.2474270179928992,-1.032783423947392,0
-0.10991246076853894,-1.5817764390113052,1
0.1929946005372222,-1.284269286779153,1
-1.1925792617465671,-0.087991266730127,1
-1.6982274092328473,0.19294066014756975,0
0.38804432979151915,0.8465206653234346,0
-0.1410565265353561,2.170752976077738,0
-0.38926116428539265,0.4697650063715447,0
-1.431670153840775,-0.29693732163352543,0
0.8128122545340739,-0.648385800390674,0
-0.917069827201284,0.9308615399460675,0
0.4409551136141748,0.43485921290851454,0
-2.1254638372644052,0.17047163305947052,0
-0.24936819192073542,1.9156869833236962,0
-0.12780706646389647,0.9782196983954062,0
0.7132168425541798,-0.025431490056224054,0
-1.9549204205203,-0.2972366457701582,0
0.552702439654571,0.27735553794875784,0
1.9148152569771764,0.4328198630606917,0
1.4054865469823437,0.5887990009379118,0
-1.071024120189282,-0.8157524346754199,0
1.5300932923504988,0.35720093493037547,0
0.9861655765514784,-0.6577648837319346,0
2.016935350492645,0.2099268837023235,0
2.2251519670134394,0.20417926244262302,0
1.6618751281736706,-0.6904455657257353,0
1.3629450829506362,-1.0160522770315426,0
0.2339027776643792,0.3949418438498972,0
-0.5867159223304642,-0.28537678124629723,0
1.4191257902483916,-0.14897981494054555,0
0.18380179767234225,0.036235485915170944,0
1.3078457357756843,0.08683684257810911,0
0.16917878852163767,0.689235677969705,0
0.589503955920503,1.091723120765878,0
-0.4928667822161977,0.6079793650302092,0
-0.12033421379193555,1.5013843463806764,0
0.12774194930815197,1.540493385036236,0
1.2945728859998231,-0.5733584142649999,0
-0.5670267240784123,-0.5911412811354166,1
0.46855713284694,-1.8502904679672407,1
-0.030015533478676304,-0.9453566354957595,1
-0.7866097644588793,-1.662867120023824,0
0.9222046147070895,-0.04296780979633522,0
-1.1060582131281684,-1.1973211915169126,0
-1.761511603017615,-0.7115832268584599,0
-0.48683241891476303,0.30759468770181553,0
-0.7294294443360713,0.5757729617948297,0
0.4124918439454702,-0.7843452187595344,0
1.913702048602274,0.4667959277486052,0
-0.46757988013304175,-1.186314227540278,1
1.0347366776318745,1.1540111193721683,0
-0.47013356463928596,-1.4157583489301535,0
-0.5512715224636124,0.05579518369097712,0
1.0292413509165572,-0.684711322357048,0
-0.33347506634929996,0.8801062118842647,0
0.6912435352083057,-1.211608978264023,0
0.9397351837731784,0.5565567212737554,0
-2.216342336792534,-0.0321692214530109,0
-1.364647248492047,0.4928341742883836,0
-0.37962842854824336,1.10473150793423,0
0.2168476213653205,-1.374931167870555,1
0.019764305113147806,-0.8110107630864091,0
0.7936828555854811,-0.2796951331780041,0
-0.6113238201574812,-1.4088072471800044,0
-5.656697355264184e-05,-0.6798845284631636,0
-1.3287854307769762,0.04059870360335847,0
-1.133447668342305,0.7729512210714322,0
-0.9583674993097351,0.05624738700074516,1
-1.2027219265289288,0.7192285124332712,0
-0.8748917729082755,-0.32715000730312754,1
0.017773442841345855,-1.731529618971738,0
0.09930971621982466,2.264158786973744,0
-0.8107456813706756,0.5603049370946817,0
-1.6207656727246647,-0.6560632404291976,0
-1.1781578058604512,-0.6128887339809314,0
-0.7152249486156839,-0.42284193859764524,1
0.4446117807099859,-0.3176291497638526,0
0.05203542205889203,1.190643380075426,0
0.8685956156318452,0.40575915635301685,0
0.2980130475868257,-0.45595098769673137,0
-0.28599291190899107,-1.6672900730123348,0
-0.17979266249989664,1.5594022170640363,1
-0.7834480760994033,-0.03250990541654915,0
1.1196349557187757,0.7141159250873089,0
-0.012873161122442698,-1.9901021268715788,0
1.1722353098841811,-1.0822843783105722,0
0.8615071832582958,0.8815646048901555,0
-0.7812940273892212,0.6801169704014486,0
1.3535234107851524,-0.9790008118258715,0
-1.073892590071496,1.1718217295241566,0
0.9104085820361684,-0.9209393716186112,0
0.2676476207564803,-0.7040457492056897,0
0.009219974333051535,1.9415002307804121,0
-0.09026111093319363,0.6520615355414321,0
-0.055691397204893314,-1.289268633087392,1
-0.5936556512129232,1.669311338372671,0
-1.9626395815220483,0.2721067647255927,0
-0.4940560381037607,1.3956654071271637,0
-1.1774514078369707,0.7151955060315884,0
0.10284641798467753,-1.0303030115203407,0
-1.056740332816823,-0.39916955204792476,1
0.53959389964157,-1.0144126571291443,0
-0.14814135781880292,1.8726178988358522,0
1.9133764360983334,-0.04956749334788142,0
0.7013858262471095,-1.4550074738182746,0
-0.3237329279740024,-0.9135680699482179,1
-1.5620777615813248,-0.11232255641834897,0
-0.16042873123635168,-0.33508917310813313,0
1.2043097844851427,0.24931907231003061,0
0.9055194124077593,0.10277393915653348,0
-0.8653001029061348,-0.2075354871417968,1
0.35553750709110854,2.061087515755766,0
-0.9422061975308628,1.122415351408437,0
1.599168042143084,0.8422338057841289,0
-1.3858367868256325,0.6294911512386212,0
-0.4096425721567369,0.11332824964299953,0
-0.21317903076169345,-1.1496993624391034,1
0.27734197835833785,-0.5390908668254644,0
0.770318137623649,-1.0654843350919443,0
0.4287487185754649,1.1224112949067364,0
1.531203025655622,0.6939290673797761,0
0.5357957091789407,1.4403343446800139,0
-0.5662562366802844,-1.5706289578163013,0
0.8034096823508982,1.6027040692933872,0
-1.2604254551860778,0.3534731905354037,1
